Model,RMSE,MAE,R^2,Max Error
Linear,7.218134574611694,5.948783952416288,0.26314482065813427,21.52304500460714
Quadratic,2.859477899518435,1.2391771197119232,0.88436063996023,17.322435930783392
